positionX,positionY,positionZ,velocityX,velocityY,velocityZ,mass
-2.49519,2.23988,2.81586,0.00023911699999999998,-0.00027118899999999997,0.00012367,16.3732
1.37247,0.70006,-1.06384,-6.6815e-05,-0.00013243100000000002,-0.00011087199999999999,22.4675
2.8569,-2.89616,2.38745,-0.000317325,0.000335996,1.4863999999999999e-05,42.8245
