positionX,positionY,positionZ,velocityX,velocityY,velocityZ,mass
3.0881,2.88256,4.20255,0,0,0,37.9345
-0.02064,0.77841,-3.10511,0,0,0,1.4186
-4.23433,0.93617,4.84202,0,0,0,28.156
