positionX,positionY,positionZ,velocityX,velocityY,velocityZ,mass
0.13054,-1.053,3.33127,0,0,0,4295.2300000000005
-0.28267,-2.76787,3.24464,0,0,0,1112.82
-1.15854,4.03489,-2.15522,0,0,0,3482.96
